prediction,target
6.777673261360448e-05,0
6.234633050581646e-05,0
9.743644049751804e-05,0
6.36159908031263e-05,0
0.00010675779776655194,0
0.00021318555809772213,0
0.000274837739456824,0
6.234633040719709e-05,0
0.0002309646457433848,0
0.9998774528452786,1
0.0002384626773836946,0
0.0001107248875827284,0
0.0011365275001916568,0
0.00015532481581254797,0
9.934538204800522e-05,0
0.00010512344673363433,0
9.33912616719442e-05,0
6.777673261314982e-05,0
0.00021565610089436133,0
7.923947996460093e-05,0
0.9998634338378907,1
0.00018067935016006232,0
0.0002292687309142886,0
0.0002381407459645676,0
6.77767326158684e-05,0
6.23463313999127e-05,0
0.00010937635286362057,0
0.00023096464574337005,0
0.00012445092782601336,0
0.00024722183588931756,0
0.00018043627496808963,0
0.9976459758662622,1
0.9996789871812674,1
0.00037548471548034043,0
0.00012540338615247543,0
0.9997863216844243,1
0.00014564533551041865,0
7.665879675673482e-05,0
6.234635648158668e-05,0
0.9998740196228028,1
7.993717048117208e-05,0
0.9998449773593432,1
7.993756734783739e-05,0
0.00023763439370439593,0
0.9998515605926481,1
0.0005139944233530465,0
0.00021604897933560942,0
0.0001038444497884592,0
0.00023175042844453793,0
8.193319663406964e-05,0
8.924263664541485e-05,0
8.193319663405419e-05,0
0.0002424365142369718,0
0.00021439804795073147,0
0.999837350830339,1
0.0002760250758646019,0
9.837221587084828e-05,0
0.00022909545805365923,0
0.9998740196228028,1
0.0002472218359640331,0
8.898141139453009e-05,0
0.9998549938201823,1
0.00021859565364626461,0
0.9997823217128563,1
0.9998661041259765,1
0.9998581409454271,1
0.9996830601813839,1
8.193319663408276e-05,0
0.00025391429670011223,0
0.0006535720080364023,0
0.9998705863821533,1
9.499752144098318e-05,0
6.234641240508242e-05,0
0.0003404148156424994,0
0.00025890786257099885,0
0.9998058795928955,1
0.00023096464574337035,0
0.999876117491385,1
0.9998174190521241,1
0.00027483773919852574,0
0.00025552799925275944,0
0.9985878966398427,1
0.00015922425293339427,0
0.9997848987579345,1
0.999671497893854,1
8.485228172503804e-05,0
6.2346330378736e-05,0
0.9998313415455063,1
6.777673261285737e-05,0
6.777673275388593e-05,0
0.9991320047842583,1
9.256788180209697e-05,0
0.9998449795586307,1
0.9998544216156006,1
6.777673261251134e-05,0
0.9998436450954816,1
7.993994713125975e-05,0
0.000218593515915659,0
9.61898661305782e-05,0
0.00023096464574337005,0
6.777673261531585e-05,0
6.777673261313274e-05,0
0.00010818169685081044,0
0.00018753702761437115,0
6.777673322084685e-05,0
0.00029002258090269115,0
0.00023096464574337005,0
0.9998596668243408,1
0.0002727822167799814,0
0.0001806793501600666,0
6.234636279677044e-05,0
6.234635633302193e-05,0
0.9998436450939302,1
0.00011132998837903563,0
0.9998360156762847,1
0.9998020648956298,1
0.9998460292544115,1
0.9998313421420816,1
0.00023096464574337024,0
0.9997823161324841,1
0.9997898578643639,1
0.0002349976880830617,0
0.00014722448540852132,0
0.9998460292616509,1
8.898307764724723e-05,0
6.234634086414616e-05,0
6.234638661904806e-05,0
9.126724552242671e-05,0
6.777673261374674e-05,0
9.837221587083506e-05,0
6.234637981186303e-05,0
0.9998661041259765,1
0.9998740196228028,1
7.966071134434257e-05,0
0.9998449787538076,1
0.0001357018241821844,0
0.999544239755538,1
0.9998449792739749,1
8.193319663405419e-05,0
0.00024923375380739906,0
0.00015910330049332837,0
0.000191446417030911,0
8.193319663405419e-05,0
0.00013756867266675053,0
0.00013012719573914582,0
0.00023266374064473232,0
0.9943641589195019,1
6.234642850928357e-05,0
0.9998460292581175,1
0.00010563056118370891,0
0.9994155714992236,1
0.9998740196228028,1
0.9998702049067868,1
0.00023096464574337005,0
0.000258907862501346,0
0.00024904528200988705,0
0.9998610019683836,1
0.00010405359424683136,0
0.0001056503454176532,0
6.777673261260883e-05,0
0.00023096464574337005,0
0.9997943401336565,1
0.0005808909480824718,0
0.00015258737844920595,0
0.9997122888236671,1
0.9978535285911139,1
0.00038333726342697466,0
0.00021318555948347264,0
6.777673261750824e-05,0
0.9996580600374397,1
7.468071417354712e-05,0
0.00028456200379878597,0
0.999804544448798,1
0.00023241181911550415,0
6.234633038249121e-05,0
0.9981384460630791,1
0.00014954975362920954,0
0.00024245360401896077,0
0.9998058795928955,1
0.00023495479804412216,0
8.19331966348199e-05,0
0.00011517552814989706,0
0.9998155116864108,1
0.00021500324364751638,0
0.9955312947078298,1
0.00013483124665262386,0
8.932697495813901e-05,0
8.19331966342354e-05,0
0.00014570914931812177,0
0.00024256634309160392,0
0.0002328875703254066,0
0.0002900225808856141,0
0.0002842524222809884,0
0.9998174190521091,1
0.00015280401608267516,0
0.00028749189805245257,0
7.6658796751917e-05,0
7.665879675574322e-05,0
6.777673305363808e-05,0
7.468071417198454e-05,0
6.777673261539117e-05,0
0.9987108718931651,1
6.777673261251884e-05,0
0.00016081683581799905,0
0.9997985363006485,1
0.00022792730293734508,0
0.0001255447213131778,0
6.234633039165521e-05,0
0.9997446966282858,1
9.936290600969307e-05,0
8.19331966341276e-05,0
0.00027483773884143004,0
0.0002748377388343253,0
0.00010579504404467691,0
0.0002760247374170559,0
0.0002186110608927494,0
8.193319663407379e-05,0
8.193319663405419e-05,0
6.77767332775354e-05,0
6.234633577995461e-05,0
0.00020907362923064743,0
0.0001859441507198357,0
7.114320394294925e-05,0
0.00020283544437353765,0
0.0001565308077261192,0
0.00023360108038353013,0
0.0001183397400201859,0
7.536866469308992e-05,0
0.00021638929041234287,0
0.00018067935016006232,0
0.9998174190521241,1
9.934907678665992e-05,0
0.13107631120823893,0
6.234639524973644e-05,0
0.00016528135060569208,0
0.00014791125433654147,0
0.9998405933234438,1
0.9998020648955853,1
0.9998630523681612,1
0.999794340133667,1
6.777673261258198e-05,0
0.00013397699223284505,0
0.00015653080772609084,0
0.0004466568172729991,0
6.777673261281186e-05,0
0.9997520048186143,1
0.00021604897924630187,0
0.00018067935016060545,0
6.777673261258615e-05,0
6.777673261690053e-05,0
0.00024245360402289705,0
0.00018067935016006232,0
6.234642688835739e-05,0
0.00018067935016016543,0
0.00023763877229391033,0
0.00010516803019549066,0
0.9998740196228028,1
0.00021500324364752228,0
0.00025391429664724555,0
0.9998661041259765,1
0.00015258737851636507,0
0.9998740196227984,1
6.234633104936928e-05,0
8.485228172503992e-05,0
0.9998020648955928,1
0.0005141280164677582,0
0.95527265369209,1
6.234633082148304e-05,0
0.0001120040382539802,0
7.966071134435582e-05,0
9.934579547169068e-05,0
0.9998740196228028,1
0.9998020648956298,1
0.00013333058017700578,0
0.00014404958347800806,0
0.0002819469897083534,0
0.00024756799935086153,0
7.923947996459986e-05,0
6.777673261824623e-05,0
0.9998634338378753,1
0.00024094975978253817,0
6.777673261649443e-05,0
8.19331966341136e-05,0
0.996635529626613,1
0.0001339769922197201,0
8.193319663438677e-05,0
6.777673261512214e-05,0
0.00021500324364751602,0
6.777673261332631e-05,0
0.00014954975396592858,0
0.9998174190521241,1
0.0001180887807615728,0
0.9996886778294691,1
0.0001976509580143673,0
0.9998313426469864,1
0.00023096464574337005,0
0.00010174952913075878,0
0.00022792733181396465,0
0.00011515838830097255,0
9.934902445234885e-05,0
0.9973650578155905,1
8.72889464847348e-05,0
8.897946660953449e-05,0
0.00013539466589288532,0
7.468071427960988e-05,0
6.234633042851876e-05,0
6.777673268233986e-05,0
6.234634635352663e-05,0
0.9998661041259765,1
0.00021859707951242457,0
0.00022728627109281236,0
0.0003056615824083185,0
7.993756839217065e-05,0
9.618986707248625e-05,0
9.593173163011672e-05,0
7.993717004190808e-05,0
0.00027483773883432233,0
0.0002536142715619069,0
0.00024245360405373501,0
0.9997687282001972,1
0.00032774647869207677,0
0.00011311004594262845,0
6.234633860519255e-05,0
0.00024112006135765355,0
0.9997823067822115,1
0.9998489856674873,1
8.90049116445919e-05,0
0.0002324104463584594,0
0.9998489856618044,1
0.00021867820153267234,0
7.536866469309276e-05,0
6.77767326129567e-05,0
0.9998629569995036,1
0.0027405278647342057,0
0.9998581409454343,1
0.00020881412184036862,0
0.00018067935016006232,0
0.00015258737907826786,0
0.9998449771962206,1
0.9998661041259765,1
0.0001289169911159557,0
0.9998020648956298,1
0.0003149215931028229,0
0.9998691558837891,1
0.00023428683997509165,0
0.0001816499396485173,0
0.9998740196227983,1
0.00021500324364751854,0
0.9986986252863546,1
0.00021439913281304877,0
0.0001591034058922171,0
0.9998691558837889,1
0.9998174190521241,1
0.00023175080637269423,0
6.234636112007578e-05,0
0.00024245360422239028,0
0.9998020648956298,1
0.9998661994934082,1
0.00021623361567435425,0
6.777673261393117e-05,0
6.777673261333538e-05,0
0.9998774528502488,1
9.43887222095282e-05,0
0.9998740196228028,1
0.9997858485395102,1
0.00012686834455372526,0
0.9998072145957583,1
8.914235934921427e-05,0
0.9998360153472852,1
8.193319663440363e-05,0
0.9998449643203415,1
0.9998020648956298,1
6.777673261343538e-05,0
9.934604361507095e-05,0
8.193319663406156e-05,0
0.00021753737390389235,0
0.00010818169685080842,0
6.234633112762195e-05,0
0.9970532129898284,1
0.999863433837878,1
0.00023096464574337162,0
0.9998436450918561,1
6.703407855549012e-05,0
0.9998174190521241,1
0.00029002258089248615,0
0.9998449780563746,1
6.23463601510718e-05,0
0.9998172232631031,1
0.9998104036873698,1
6.839919369667965e-05,0
0.0003299760399386297,0
0.999837350817111,1
0.0001525873784590546,0
0.9998549938201904,1
9.743254922869227e-05,0
0.9998172281348834,1
6.234638127659024e-05,0
0.9997848987579345,1
8.898372360678968e-05,0
0.00010564685403001953,0
0.9998731612994206,1
9.786635739001269e-05,0
0.00023360108136739676,0
0.00015653080772608789,0
6.234633250617802e-05,0
0.9998581409454346,1
0.00010565894743631656,0
0.00011566575004948838,0
0.9998687744140625,1
0.9998405933279265,1
9.380949250505942e-05,0
0.00010400314349687042,0
0.00021859428207038237,0
0.9998661041259765,1
6.234634657895715e-05,0
0.00021958628737795828,0
6.77767326129022e-05,0
0.00029002258088464683,0
0.00010576788836005372,0
0.9959575854581267,1
0.00021318555809717764,0
0.00011074240676511773,0
6.777673261290289e-05,0
6.777673301905805e-05,0
0.00015273194157212078,0
0.00010576833738027954,0
0.9998634338378907,1
0.9998740196228028,1
0.9926457773631728,1
0.000274837738834322,0
0.00010569288994693277,0
0.9998020648955886,1
6.703407853084568e-05,0
0.0002874918980524622,0
8.584059762188388e-05,0
0.00032774584263328026,0
6.234635554232349e-05,0
8.584059845706311e-05,0
0.00024706258148426535,0
0.0016779766674580247,0
6.234633211243952e-05,0
0.00010405643587572811,0
6.777673261437683e-05,0
0.00017321079503744989,0
6.777673332389845e-05,0
6.777673261291301e-05,0
0.00016497288597747993,0
0.00027483773884283527,0
0.000219064205971985,0
6.777673261641383e-05,0
8.584059573183676e-05,0
6.234633045999242e-05,0
6.777673261247051e-05,0
0.00024904528202097275,0
0.9998058795928954,1
0.00011783328934527103,0
0.0001817104057408957,0
0.9998312473296955,1
0.00023096464574337005,0
6.777673261510757e-05,0
0.9978565120606848,1
0.9998141765052582,1
6.234633037959906e-05,0
0.9995811802369186,1
6.234634478219853e-05,0
0.00034710911572320745,0
0.0001472244854085278,0
6.2346330378473e-05,0
8.193319663407318e-05,0
7.993721341147278e-05,0
0.9998058795928954,1
6.234657264250403e-05,0
6.777673261424493e-05,0
0.9998436450928967,1
6.234634317350468e-05,0
0.9998449723982574,1
6.777673261304072e-05,0
6.777673299732207e-05,0
0.00018067935016006232,0
0.0002727822167799929,0
0.00012909890793715945,0
0.9998740196228028,1
6.777673261366653e-05,0
0.0001219053200807757,0
0.0001806793501611085,0
0.0002526855146480967,0
0.00027483773883978416,0
0.9996717355437397,1
0.9998058795928955,1
6.777673269450603e-05,0
9.208765262489105e-05,0
0.9997644874200301,1
0.00023096464574337005,0
6.777673313350704e-05,0
0.9998578548431396,1
0.9998020648956298,1
9.744462146686874e-05,0
6.77767326138744e-05,0
0.00023096464574337013,0
0.00013728111189616063,0
0.00011107987120433098,0
0.00022937733113063686,0
0.00023175040673999032,0
0.00012653533589907496,0
0.9998731612704143,1
0.00022804031616324022,0
9.935612119799556e-05,0
0.9998103618621721,1
0.00020907362953812144,0
0.9998750686644889,1
0.9998174190521241,1
0.00012560007225954854,0
0.9998360156598423,1
6.234633037884829e-05,0
0.0002553285273979572,0
6.234645638799718e-05,0
0.9998750686641309,1
0.0003229984082503398,0
0.00022164809297526926,0
0.00023521189719145143,0
0.999826860424449,1
0.999854993820182,1
0.9998740196228028,1
0.00012470416259020628,0
0.00027278221678188585,0
0.9998691558837859,1
0.9998219013213969,1
0.9998705863617531,1
8.193319663405419e-05,0
0.00021318555945166028,0
0.00024534296250530106,0
0.9998174190521241,1
8.584059592271363e-05,0
0.00015258737865606907,0
0.00018067935016006763,0
0.00023096464574449372,0
0.0002259868296844843,0
0.9997857720750105,1
0.9998581409454346,1
0.00020907362923111935,0
0.9998661041259765,1
0.9998174190521241,1
6.77767326126827e-05,0
0.000147224485408517,0
0.00024971908424058947,0
8.898829214654808e-05,0
6.23464276703385e-05,0
8.898206202800488e-05,0
0.00023737240877847924,0
0.00027483773883433345,0
0.00015258737853786892,0
6.234633037904139e-05,0
7.536866469309532e-05,0
0.9997894370232483,1
0.00013496180626331676,0
0.0001649301040878595,0
0.00021102620433593417,0
6.777673261968429e-05,0
0.00024440704449605894,0
0.001975804487872819,0
0.9998360156892607,1
0.9998774528502403,1
0.9997593746705634,1
8.19331966340543e-05,0
9.935457764262907e-05,0
0.00015258737883518296,0
0.0002748377441743876,0
0.0001525873784697737,0
0.00013397699222410516,0
7.518419112407363e-05,0
7.665879675246154e-05,0
0.9998174190520996,1
0.9978434534940466,1
9.127454160464225e-05,0
0.00023096464574337005,0
0.9998489856663639,1
0.9996006751047524,1
0.0002435827945120741,0
6.77767326133236e-05,0
0.00027862510178388493,0
9.282500608102198e-05,0
0.00028145339120445336,0
0.00015910329207285357,0
0.00021500324364752207,0
0.00017111217287485144,0
0.00023096464574337005,0
6.777673261311737e-05,0
9.601576292124283e-05,0
9.647453553043574e-05,0
6.234640205094378e-05,0
0.00018067935016006232,0
0.0003295841428235429,0
6.703407852924487e-05,0
6.234633037935742e-05,0
7.536866469309402e-05,0
8.19331966340542e-05,0
0.00010927281750861383,0
0.00011603010204572293,0
0.0002900225808846841,0
0.999814176553188,1
0.9998634338378907,1
0.00023814075305537903,0
0.00012269925539465986,0
6.777673261576368e-05,0
0.00024032162744011803,0
7.287274980247921e-05,0
0.00016826014501621788,0
0.9998264789581093,1
9.647453553043561e-05,0
0.00030318111337586086,0
0.9998436450898505,1
0.9933196274024905,1
7.966071134457438e-05,0
0.0002900225809087753,0
0.00014146029731468705,0
0.00028442884797697844,0
6.234639199075763e-05,0
0.9998449729013611,1
0.00021500324364752502,0
0.00011181234806884876,0
6.777673261310043e-05,0
0.000320132615194576,0
0.9998668670501658,1
0.000233601080697404,0
0.0001752654672600463,0
0.000180679350160066,0
0.9998489856073969,1
0.9998405933238651,1
6.777673261388226e-05,0
0.00024245360404276045,0
0.9997819298445793,1
0.00015945139268179267,0
8.193319663422066e-05,0
0.00010986563851817001,0
0.9998174190521241,1
6.777673261332855e-05,0
0.00028442884797576787,0
0.00012699613803990905,0
6.234642876077245e-05,0
0.9998489855914725,1
0.9998630523681611,1
0.00021099165033287075,0
6.234633059488644e-05,0
0.0002997663338533053,0
6.234633137566344e-05,0
6.777673270704869e-05,0
6.777673261295862e-05,0
7.993759369903757e-05,0
8.193319663422251e-05,0
0.9926530058953059,1
0.00014791125432054357,0
6.234633037861406e-05,0
9.469080771630422e-05,0
0.0002433317875846994,0
6.777673262432265e-05,0
6.777673261247825e-05,0
7.468071417392197e-05,0
0.0002539432150349942,0
0.9998002529143918,1
6.23463744006802e-05,0
0.00010563259268946995,0
0.00015910331399119883,0
6.777673323747633e-05,0
0.00021483891182960728,0
0.999731144461107,1
8.956529200110032e-05,0
6.234633037820596e-05,0
0.999846029255476,1
6.777673261288214e-05,0
0.9998581409454346,1
0.9998313420061343,1
0.00018067935016006232,0
6.419516321206144e-05,0
0.00012190333800422147,0
0.9998609066009484,1
8.901328701271342e-05,0
0.00023787794792475757,0
9.743372832653472e-05,0
0.0001678115593995424,0
0.0001817104057408964,0
0.00017111221348969056,0
0.9998405933100056,1
0.00014539580695938775,0
6.234633037833243e-05,0
8.904836097631143e-05,0
0.9998705863839256,1
6.234633039405022e-05,0
0.9996623244878095,1
0.00010613886932657151,0
6.77767326125837e-05,0
0.00011679492890885369,0
0.00024904532001943785,0
0.9997595513909945,1
7.733966922435853e-05,0
0.9998105525902996,1
8.652136893958322e-05,0
6.777673261695375e-05,0
0.00021318555822919406,0
0.00010364568183688272,0
9.843537421662294e-05,0
0.00021483891178211554,0
0.00023814075968625072,0
0.00021221142109721522,0
0.9998774527698696,1
0.0002424536040616288,0
0.00025890786232385735,0
0.9998436450912012,1
0.9998609066009483,1
0.9998020648956298,1
0.9998015880584491,1
0.0012855621156858785,0
0.00023855913141999016,0
9.127625633081046e-05,0
0.00011275099371070571,0
6.234636481763356e-05,0
6.234633218959787e-05,0
0.9998060703277588,1
0.9998740196227935,1
0.999784898757925,1
6.234635863877096e-05,0
6.234634216694819e-05,0
0.00021906420598344226,0
0.9998705863339635,1
0.9996814196437122,1
0.0002150032436475158,0
0.9998174190521241,1
9.126853142045165e-05,0
0.999877452850318,1
8.904769728037803e-05,0
0.9997983455656699,1
0.00018067935016006232,0
0.0002186329211645819,0
9.917370694136627e-05,0
0.00018240841577406088,0
0.9998799323618627,1
9.935696364395892e-05,0
8.727874185759262e-05,0
6.77767328248012e-05,0
6.23463742077181e-05,0
8.193319663405422e-05,0
0.00011062596747135308,0
0.00023175070318096096,0
0.999794340133667,1
9.837221587076783e-05,0
6.23463459450262e-05,0
0.9998141765198822,1
7.993721355755413e-05,0
6.777673280977167e-05,0
6.77767326124791e-05,0
0.9998731612793703,1
0.9998436450913273,1
0.9996422550868461,1
9.902479955527692e-05,0
0.0001806793501600624,0
0.9998740196228028,1
6.777673278591044e-05,0
0.9911979320058071,1
6.77767326857151e-05,0
0.9998015880584716,1
0.0002464605335599147,0
0.9998634338378907,1
0.9998581409454346,1
9.935314722614205e-05,0
0.00021244578529178176,0
8.15650215372467e-05,0
0.9998661041259765,1
0.9998705863379751,1
0.9996716834106586,1
0.00023241109336771744,0
0.37751182270215333,1
6.234633042476191e-05,0
7.733966922902995e-05,0
0.00021318555809601278,0
8.19331966341064e-05,0
8.193319663457348e-05,0
6.234633037829162e-05,0
0.9987139586092031,1
0.9998174190521094,1
7.690349011681982e-05,0
0.9998360156819717,1
0.9998634338378907,1
6.234637809534194e-05,0
6.234633564517142e-05,0
7.966071134436521e-05,0
0.00023096464574337292,0
0.00018704613903538424,0
0.0001565308077261008,0
0.0001647817323727608,0
6.777673261420206e-05,0
6.777673261255688e-05,0
6.23463303796596e-05,0
0.9996979486039267,1
0.00014576781743457602,0
0.9998174190521102,1
0.9997992992401123,1
9.934901070882251e-05,0
0.00010139561082775058,0
7.665879675720204e-05,0
0.9998020648956298,1
0.000227927365795334,0
0.9998680104516122,1
0.9998740196228028,1
0.9998015880584716,1
0.00021438135537556581,0
6.234644316514999e-05,0
0.00011771234711609596,0
6.234633278183772e-05,0
6.234638297130326e-05,0
0.00034584222336048366,0
9.935022304791361e-05,0
0.00018067935016006232,0
6.777673261274923e-05,0
7.536866469309103e-05,0
7.468071528305846e-05,0
0.9998313418342957,1
0.00019484861986717388,0
9.402310824953171e-05,0
0.9994253546152825,1
0.9997857657279215,1
6.234633037934853e-05,0
6.777673261250546e-05,0
6.777673261481386e-05,0
8.193319663407021e-05,0
0.9998668670586142,1
0.00019569689840605873,0
0.00013756867265648137,0
0.00017111217883334625,0
0.0002490453269564972,0
0.0002299484331655083,0
0.00031512922880608756,0
0.00023096464574337005,0
0.00018067935016006232,0
0.9998436450893958,1
0.0001806793501651221,0
0.9998058795926484,1
8.193319663405419e-05,0
0.0002325580077845722,0
8.193319663434465e-05,0
8.193319663421368e-05,0
0.9998740196228028,1
0.9998106479643042,1
0.00021574411083513938,0
9.93566874910189e-05,0
0.00027483773883522965,0
0.0002309646457433701,0
0.9998020648955851,1
0.9998061656951783,1
0.00022048128305747976,0
0.00024243651423610678,0
0.0002490456873173685,0
0.00013483869600549851,0
6.234633751515976e-05,0
6.77767326127353e-05,0
0.00023096464574337604,0
8.898062562389594e-05,0
0.00024506431073270993,0
6.703407853023336e-05,0
0.00016201046779802794,0
0.00021437739569273853,0
8.19331966340679e-05,0
0.0002377449531473448,0
6.777673261250934e-05,0
0.00023096464574337005,0
0.00021859854932757434,0
0.004001212920745697,0
6.234633397161871e-05,0
0.9998489855998608,1
7.287275055155205e-05,0
0.0002290911923531507,0
0.00023096464574337005,0
0.00010630139149725719,0
6.234642486468558e-05,0
0.9998449778937217,1
8.485228172503412e-05,0
0.9997520133294608,1
0.00022940298692292028,0
6.777673261460319e-05,0
0.00010865822827837109,0
0.9998489856665629,1
0.00017526546726003738,0
0.9996911255354514,1
0.0002186047973188054,0
6.361599080272039e-05,0
0.00010564154051611967,0
7.287274944843944e-05,0
6.777673261287623e-05,0
0.00020354739435169783,0
0.9998661041259765,1
0.00018067935016024327,0
0.0011365275003660815,0
0.00021345733061527332,0
0.9998174190521241,1
0.9998740196228025,1
0.9998740196227939,1
0.0003255565045532651,0
6.77767326127866e-05,0
0.00025391429668174297,0
6.234633487879728e-05,0
0.00010564391011424314,0
0.00015182245340376372,0
0.00029002258088852334,0
0.00026752103585779666,0
0.9985948420835123,1
6.777673261413372e-05,0
0.00015653080772611434,0
0.0001752654672600382,0
9.845776178927586e-05,0
6.234633139531037e-05,0
0.0001376135433952211,0
9.379797867039292e-05,0
0.00015653080772608745,0
8.58405961262318e-05,0
0.9997310148920567,1
0.0002490453317295807,0
0.9998020648956298,1
0.9998661041259662,1
0.9998360156866493,1
0.9998020648956298,1
0.00023360108040780024,0
6.777673261492175e-05,0
6.777673261339907e-05,0
0.9998668670432895,1
0.00015910329194768403,0
6.77767326128175e-05,0
0.9998313424281898,1
9.736052015796304e-05,0
0.9998024463652817,1
0.9996821248330973,1
6.234638592094234e-05,0
0.0001557359995850974,0
0.9997705225815908,1
0.0002727822167800364,0
0.00023096464574337005,0
6.23463303782643e-05,0
6.23463812769849e-05,0
0.9998449794639352,1
0.0002472218358892715,0
0.9998705863757535,1
6.777673261331644e-05,0
0.9997780295233,1
0.99986686704077,1
0.0001525873784591405,0
6.234636697617082e-05,0
0.00020114609505989732,0
6.234638139333417e-05,0
0.00010818169685081449,0
0.9925193583773838,1
8.19331966340542e-05,0
0.00023096464574337005,0
0.9998174190521241,1
0.00022728449971495774,0
0.9998634338378904,1
0.00024245360401350816,0
0.9998489856682914,1
0.00023096464574337005,0
6.777673270168998e-05,0
0.9998705863889409,1
0.9997848987579181,1
0.9997704348189597,1
6.234633051668653e-05,0
6.234634990175006e-05,0
0.00038349080685322296,0
6.234633960039302e-05,0
9.890879237826097e-05,0
0.00019661774858833423,0
6.234633894776295e-05,0
6.234634665580438e-05,0
8.193319663417235e-05,0
6.839919369668408e-05,0
6.23463303785702e-05,0
6.234633203232504e-05,0
0.9998174190521241,1
0.9941096237209924,1
0.0003740823611375841,0
0.00027278221677994486,0
6.777673261484209e-05,0
7.963936659509144e-05,0
0.9970009304970796,1
0.9998105525885655,1
6.777673272595609e-05,0
8.75691933976905e-05,0
0.9998680114523373,1
0.9998020648955981,1
8.666777955139338e-05,0
0.0002336010819437937,0
0.00013397699222625093,0
6.23463608508177e-05,0
6.234633423501194e-05,0
7.53686646930887e-05,0
0.9997772224057432,1
0.9998668670458695,1
0.00016235603402418785,0
0.00010818169685081329,0
6.777673261389602e-05,0
0.00023096464574337035,0
6.23463488360387e-05,0
0.00023096464574337076,0
0.00022048128316787662,0
0.00015258737852659335,0
0.9998668670159254,1
0.9998740196228028,1
7.468071430499514e-05,0
0.9998740196227953,1
6.777673261282614e-05,0
6.7776732618408e-05,0
6.777673261465018e-05,0
0.00010057812652638433,0
0.999834680557251,1
0.00021565610078505903,0
0.00013397699222186406,0
6.234635185146749e-05,0
6.234633566865497e-05,0
6.234633038638363e-05,0
6.777673261291248e-05,0
0.00023939996947398056,0
6.77767326156889e-05,0
6.77767326125094e-05,0
6.234637449021648e-05,0
0.0002199872170310503,0
0.0001138473131412257,0
0.0001591032937955678,0
0.00021859534640804486,0
0.9998581409454346,1
0.9998174190521241,1
0.9997772088397735,1
0.9997983455657959,1
0.0002185938813931357,0
7.4680714174021e-05,0
8.897869158826023e-05,0
0.00022728059826070045,0
8.6521368940008e-05,0
0.9998691558837891,1
0.0002753325970865506,0
0.00010471264666769985,0
8.193319663422312e-05,0
0.9998405930888087,1
0.9998174190521241,1
0.00021500324364752836,0
9.837221587076783e-05,0
0.00021440279139847213,0
0.0002330468686653875,0
0.9998449698561652,1
0.0002637977495494242,0
7.536866469308847e-05,0
0.0003056615823935009,0
0.0001624629848650401,0
0.0002814535312006451,0
6.234635438655434e-05,0
0.0001433605544540017,0
7.966071134435455e-05,0
0.0002317503687017752,0
0.9998449752601278,1
0.00010569505237577838,0
0.000104055515182292,0
0.9998581409454346,1
0.9998596668243408,1
0.0004823923485928271,0
0.00015653080772612266,0
0.9996573679330399,1
0.0001806793501600626,0
6.777673261562224e-05,0
7.468071417670331e-05,0
0.00010570425182823973,0
0.00018967550930980135,0
6.777673280461665e-05,0
0.0002175261732191178,0
8.1933196634649e-05,0
8.42488079797499e-05,0
0.00029002258088922406,0
6.703407854203699e-05,0
6.777673261409761e-05,0
0.9997520111617977,1
0.00021437730270245725,0
0.9998661994934082,1
0.9997519774169437,1
0.9998634338378907,1
0.00010233556210104407,0
0.0005571565590843249,0
7.46807141731956e-05,0
0.0001550121586748975,0
6.777673261307705e-05,0
0.00011307815781442374,0
6.234633037863636e-05,0
0.9998020648956298,1
6.777673261296714e-05,0
6.777673261285772e-05,0
0.00022425963543357442,0
0.9998750686643867,1
0.9998740196228028,1
0.0002144004269270811,0
6.23463303820036e-05,0
0.000176522413257011,0
0.00023360108050646112,0
0.9998774528502672,1
9.63214443146966e-05,0
0.999683922724835,1
0.9998630523681641,1
0.9997965223736749,1
0.9998661041259765,1
0.00015910397704476886,0
0.9997309188401002,1
0.0001198786786931807,0
8.193319663405977e-05,0
0.9997821256681434,1
0.0002381407439418912,0
0.9998515605926513,1
0.9998634338378907,1
6.234662428868287e-05,0
0.0003322172349247785,0
6.234633037859754e-05,0
0.0002366041298969793,0
7.536866469309008e-05,0
6.703407852911535e-05,0
0.00018067935016006232,0
0.9920123589706847,1
0.00024904556500861486,0
0.9988099035234738,1
0.999794340133667,1
0.00023096464574337035,0
0.000284428847983816,0
0.9997780304566286,1
0.9997855698677528,1
8.193319663407777e-05,0
6.77767326163457e-05,0
0.9995028695854739,1
8.809349383262828e-05,0
0.0002528603015399515,0
6.703407852911062e-05,0
9.711688079940621e-05,0
8.193319663414061e-05,0
0.00010728955614574419,0
6.777673281603241e-05,0
9.126728295195178e-05,0
0.9918473551363851,1
9.936509687207248e-05,0
0.00010174952913075968,0
7.665879691785625e-05,0
6.234634826351696e-05,0
0.00022524687738390906,0
0.00016497288597748256,0
0.0003853505070520064,0
7.993722587934847e-05,0
0.9998103618621675,1
0.00013724459855501197,0
0.00014722448540852089,0
0.00010377654556904416,0
6.777673261438971e-05,0
9.837221587076785e-05,0
0.00023096464574337005,0
0.0002309646457433704,0
0.9998740196228028,1
0.9986529677273316,1
0.9996753238217705,1
6.777673289486731e-05,0
0.00010571146732927404,0
0.999828290724553,1
0.9998280996498057,1
0.00011987864315358763,0
0.00011339995544410245,0
8.843267569318558e-05,0
7.671525236219821e-05,0
0.0002345330203277476,0
6.234633038640598e-05,0
8.193319663405419e-05,0
0.9975345482324679,1
0.00023096464574337005,0
0.00021486329386523985,0
6.77767326126827e-05,0
8.193319663408979e-05,0
6.234633951261815e-05,0
0.9998449724171022,1
8.193319663405419e-05,0
0.00022046278611249204,0
0.00021197213908022617,0
0.00018067935016006557,0
0.00023360108040552724,0
0.9998740196228028,1
0.9997415254132079,1
0.00021377438680543863,0
0.00019765095802252246,0
0.00024786059186125106,0
6.234635734647986e-05,0
6.777673267346744e-05,0
0.9997983455657957,1
0.0001479112543300207,0
0.00021915487334210832,0
6.234633037989991e-05,0
0.00010349899564203451,0
0.00022728099979175002,0
0.9998634338378849,1
6.234633037871098e-05,0
0.9998740196228028,1
0.9925426828163232,1
0.00033807327312069364,0
0.9998058795928955,1
9.58661885796501e-05,0
8.899020349758555e-05,0
0.00016079291323538623,0
0.00015258737853037518,0
0.9998281001564445,1
6.777673261253346e-05,0
0.00017526546726003784,0
8.193319663405419e-05,0
0.9924949023763314,1
0.00021500324364751613,0
6.703407852913747e-05,0
8.193319663405419e-05,0
0.0001278934296115781,0
0.9998740196228028,1
0.00015653080772613662,0
9.935054463281186e-05,0
6.777673261783587e-05,0
0.00023360108040266616,0
6.83991936966823e-05,0
0.00023763792777948346,0
7.963936659507918e-05,0
0.9998208513735676,1
7.468071423671866e-05,0
0.9998630523681605,1
7.073434566482497e-05,0
9.934561540436665e-05,0
6.234633038623646e-05,0
0.00016497288597748356,0
6.234633038965088e-05,0
0.9997520099286824,1
0.9906351012542591,1
0.9998436450917311,1
0.997502812025612,1
0.00021906420598615117,0
0.9998015880584716,1
0.0002748377388343273,0
0.00023306189805235344,0
0.0002900225808856848,0
0.999817419052075,1
0.0011228423702727298,0
0.9998103618621732,1
6.777673261582767e-05,0
0.00014564533541249725,0
9.74306109041472e-05,0
6.234635622391694e-05,0
0.00021998721738611488,0
6.23463398467177e-05,0
0.0001765096431521996,0
0.000213185598448697,0
0.00021103033311864456,0
0.00023096464574337005,0
0.0004419101680286218,0
6.234633037907142e-05,0
0.9977577968799387,1
0.0021846065267922344,0
0.999866199493408,1
0.0002748377388343217,0
0.0002472218358890089,0
6.777673261586439e-05,0
0.9998353843426898,1
6.777673309586007e-05,0
0.0002727822167820238,0
0.00011137786970226152,0
0.000120650114903905,0
0.00021149651195160468,0
0.9998581409454301,1
6.234633042839335e-05,0
0.9989122098590772,1
0.00015258737849907627,0
0.9998634338378777,1
0.00018067935016006232,0
8.020402165132703e-05,0
7.665879675523485e-05,0
0.9998313411538664,1
0.000120047310587162,0
0.9998103618621826,1
8.485228172503992e-05,0
0.00028442884799358543,0
6.234633044438175e-05,0
0.9998061524592046,1
6.777673261279258e-05,0
9.123202762566507e-05,0
0.06445183499966027,0
0.00021500324364751586,0
0.00018067935016006256,0
8.193319663405419e-05,0
0.000218801968008702,0
8.584059594222388e-05,0
0.00021906420604044094,0
0.9998705863750542,1
0.9998174190521241,1
0.0002325251698494201,0
0.9998740196228028,1
0.00014722448540851698,0
0.9998207456052178,1
0.9998405933269684,1
7.665879675520723e-05,0
0.0002336010805010962,0
0.9998691558837891,1
7.993752061119646e-05,0
0.0003794704993852598,0
0.0002539433315627416,0
0.9998774528502923,1
0.00016223264680357075,0
0.9998280998040017,1
8.975886877220294e-05,0
0.9998174190521241,1
0.9998313426515132,1
0.9998634338378837,1
0.9998705863573573,1
6.777673261368022e-05,0
0.9993950233351452,1
6.703407852914178e-05,0
0.9998015880584512,1
6.777673261349233e-05,0
0.9998668670545083,1
0.0001576076407339456,0
6.777673270924543e-05,0
0.9998174190521241,1
0.00029412264821177,0
6.777673261576436e-05,0
0.00011453865256064763,0
0.00018634392181417252,0
0.004001346348611906,0
9.041134617135407e-05,0
0.999843645090734,1
0.9972873157891687,1
0.9998691558837891,1
0.0001017495291307586,0
6.234634440146865e-05,0
0.00023175070592048106,0
0.0002458740179506131,0
6.234633071193423e-05,0
0.0001495497535824415,0
0.9969551121837175,1
6.777673261433172e-05,0
0.0023658335358200003,0
0.9997983455657957,1
6.777673261320713e-05,0
7.4680714309185e-05,0
0.00019319611601559183,0
6.234634618500548e-05,0
0.9998072146041371,1
0.9998731612946703,1
0.00023096464574337005,0
0.9998405932936917,1
6.703407852935776e-05,0
0.9998634338378796,1
0.00021437888828730288,0
6.234634085948063e-05,0
0.00018603390738397736,0
6.234633638712921e-05,0
8.193319663405419e-05,0
8.923761122912126e-05,0
0.0002900225808933561,0
0.0002185956356295711,0
6.23463306122947e-05,0
0.9998020648955774,1
9.837221587093246e-05,0
0.0002124457852915635,0
0.00023175268129374543,0
0.00023241106239041295,0
6.234633404654455e-05,0
0.000189406603185262,0
0.00014146029777690021,0
0.9998668670499725,1
8.193319663456555e-05,0
6.777673261709454e-05,0
0.9998740196228028,1
7.287274930410705e-05,0
0.9998705863806057,1
0.9998103618621826,1
0.0001824488251536288,0
8.193319663433367e-05,0
0.0002424536041947178,0
0.00018067935016006232,0
7.536866469308779e-05,0
0.00010146493056137857,0
0.00021244578529181613,0
0.9997545903168819,1
0.00011146721786359887,0
0.0003847751909795851,0
0.00010227806701421059,0
0.9998449677681878,1
0.00023814074450654644,0
0.999843645087638,1
8.193319663405419e-05,0
6.234634330890445e-05,0
0.0002403272355726219,0
0.00023910945136554703,0
0.999163084541021,1
0.00023461273209754622,0
0.00022390286903831123,0
0.00023663977209512874,0
6.777673261242614e-05,0
6.777673261327661e-05,0
7.518444071324077e-05,0
8.89812666723467e-05,0
0.9998174190521241,1
0.00018067935016651115,0
0.9998174190521099,1
6.234633039020263e-05,0
0.9998174190521241,1
0.00025278030146059095,0
0.00010174952913075803,0
6.234633233881862e-05,0
0.00010563593047118753,0
0.9973136355271144,1
0.9997854601774245,1
7.536866469308774e-05,0
0.9961179978595688,1
0.999779462814331,1
6.777673261456718e-05,0
6.703407852956948e-05,0
6.234633037829566e-05,0
0.9996623791527011,1
0.9997724121987981,1
0.9998058795928955,1
6.777673261304385e-05,0
0.0018000339406952872,0
0.999840021120313,1
0.9998020648956298,1
0.9998691558837891,1
0.00018067935016006232,0
0.00011802022345364477,0
0.9998436450947594,1
0.9998661041259765,1
0.9998105525678126,1
0.0001270274590384042,0
0.0002589078625294212,0
6.777673261320587e-05,0
0.9998313416812021,1
6.777673261263738e-05,0
0.00024923364111979025,0
0.00018067935016006232,0
0.9997729598354119,1
6.234642676527758e-05,0
0.00021483891180961188,0
0.00014491003388829933,0
0.0001064271435016648,0
0.00023914423005672153,0
0.9998740196228028,1
0.00029306126769813455,0
0.00018067935016006492,0
8.193319663405419e-05,0
9.548025900127545e-05,0
6.777673261359523e-05,0
0.00018067935016006232,0
6.234636283238855e-05,0
0.9998436450586295,1
0.9997520369857424,1
6.777673261376968e-05,0
0.00015653080772608753,0
0.00019924298200265934,0
0.0002490454392543123,0
0.9998691558837891,1
0.9998661041259765,1
6.703407852940522e-05,0
0.00023274540438949741,0
0.9998174190521241,1
0.999782129279102,1
0.0002091994278145797,0
0.0001703451625111551,0
0.00023984305399766382,0
0.00011206609796839736,0
6.777673261517246e-05,0
0.00014833791969405893,0
0.9998740196227937,1
0.00022792727919969204,0
0.9998774528461791,1
0.0001375686726985373,0
0.00023565763340608684,0
9.934857395516458e-05,0
6.703407852930831e-05,0
0.00021318555809715932,0
6.777673261243645e-05,0
6.234633037845975e-05,0
0.00012190418134200775,0
0.00025391429662866905,0
0.0001591032879942398,0
0.0002748377388343321,0
7.665879675197482e-05,0
0.9998449753980514,1
6.777673261320792e-05,0
0.00012643218482147458,0
0.0003423370564403284,0
0.9998581409454259,1
0.00023255501049345255,0
0.0001091759722249657,0
6.361599080284817e-05,0
0.9998581409454346,1
0.00021500324364751578,0
0.0002401402164673984,0
0.9998668670550174,1
6.77767335758775e-05,0
0.00023360108065043024,0
0.00020354739440245237,0
6.777673261279685e-05,0
0.00024245360401913674,0
0.00023068820182935217,0
0.9998750686644516,1
9.74488077431364e-05,0
8.19331966340804e-05,0
0.00011133591774217691,0
0.00023175037041769388,0
0.0004059143614391801,0
0.00027602472801382255,0
0.00010474895935454532,0
0.0001495497542524476,0
0.00024506431073403786,0
6.234634794165493e-05,0
9.83722158708576e-05,0
0.00015280401625721057,0
6.777673261281699e-05,0
0.0004958009167297973,0
7.013422437013151e-05,0
0.00016268676274298818,0
0.00014722448540851628,0
0.0004370375012289736,0
6.777673261288974e-05,0
8.193319663405419e-05,0
0.9998740196228028,1
0.9997983455656824,1
6.234634073128659e-05,0
6.703407852916174e-05,0
6.777673261721029e-05,0
8.193319663405423e-05,0
0.00010471034142143887,0
6.234638308462868e-05,0
0.9998740196228028,1
0.0002028354443657793,0
0.00026055327626552414,0
0.989704589630812,1
6.234651714478968e-05,0
0.0001996197804558451,0
0.00018067935016006232,0
7.287274988842999e-05,0
0.0001482610073931741,0
6.777673261284007e-05,0
0.9994491832724186,1
0.00024923367954452814,0
0.0002406887488560246,0
0.0002294029924124817,0
6.777673261293814e-05,0
0.9998691558837891,1
0.9998405932985742,1
0.9998716354370117,1
0.9998174190521241,1
0.9998634338378907,1
0.00023096464574337005,0
7.733966922440862e-05,0
0.0001087879083057431,0
0.00010573793183175014,0
8.736826266436153e-05,0
6.777673261290691e-05,0
0.9982260834867802,1
0.0002526689344660566,0
0.00023096464574337252,0
0.00022497840895760473,0
7.468071433484043e-05,0
0.00024706258037560515,0
0.9998436449860961,1
0.9998020648956298,1
0.00013397699222241437,0
0.9998634338378907,1
0.9998740196228028,1
0.00029954316578275177,0
0.0002146962225802836,0
0.9998280999143343,1
0.00023354762444461252,0
8.193319663436222e-05,0
6.777673351450717e-05,0
8.89809524152929e-05,0
6.777673261302856e-05,0
0.9998774527705192,1
6.23463318778601e-05,0
0.00010567840880993701,0
0.9998740196228028,1
0.00020702062177804103,0
0.00023096464574337005,0
0.9974976558416835,1
0.00023096464574337005,0
0.9997404077346589,1
0.00018354162326513694,0
0.9994687528821589,1
0.00010918761525144766,0
0.00021500324364751578,0
6.83991936966808e-05,0
6.234633177485149e-05,0
0.00022940298091591742,0
0.00023950479346073134,0
6.234636845112928e-05,0
6.777673283130194e-05,0
8.89975224155418e-05,0
0.9998174190521241,1
0.9998740196228028,1
8.193319663406933e-05,0
0.000215003243647516,0
0.0005283726043098104,0
0.0002309646457433704,0
8.652136893942952e-05,0
0.00023308714801340385,0
6.234633037829605e-05,0
0.00010367806535220106,0
0.0001576105373165021,0
0.9873693079969346,1
0.9989509921076223,1
0.9998740196228028,1
0.00025271869632937516,0
0.9998740196227998,1
0.003703756901843977,0
0.00023782423339206897,0
0.9998634338378907,1
9.462367595328562e-05,0
0.9998750686643983,1
0.00021437740564560033,0
0.0002548889430859962,0
0.00023096464574337005,0
7.468071439187455e-05,0
0.9998449680180042,1
6.234633038010332e-05,0
0.9998405932899808,1
0.9998174190521241,1
0.9998740196228028,1
0.0002325251698494308,0
0.9985012383300778,1
0.9998103618621244,1
0.0003125443123281007,0
6.234638167470238e-05,0
0.00021121560130268435,0
0.9998405932403711,1
0.00025391429666090715,0
8.897962006490119e-05,0
6.234633037957492e-05,0
6.234633037902533e-05,0
0.9998436450944617,1
0.9998489856671545,1
0.00018171040574089435,0
6.234633575612317e-05,0
6.777673261478024e-05,0
6.777673261450562e-05,0
6.703407853113194e-05,0
0.9995718439996566,1
9.837221587076783e-05,0
0.00013832264774762238,0
0.9998740196227935,1
6.77767326190957e-05,0
0.00027278221677994616,0
7.32782296837334e-05,0
0.00021859351815681428,0
6.234633040448298e-05,0
0.00025890786256454383,0
6.777673323863186e-05,0
0.0002589078627135849,0
0.9998103618621826,1
0.00022732784675024375,0
6.234634637606185e-05,0
0.00019238046416459806,0
0.0002114965118388418,0
0.00015258737886784208,0
0.00010953117062557087,0
7.327822968363807e-05,0
6.77767326198219e-05,0
0.9997701142686101,1
6.234633037994336e-05,0
6.234633361088034e-05,0
6.234633753065227e-05,0
9.934961110211753e-05,0
6.777673261430155e-05,0
0.00010973068724605674,0
6.77767326156722e-05,0
0.99980587959262,1
0.0001456453350026349,0
0.00015910329811972656,0
9.837221587092292e-05,0
0.9997983455656089,1
0.00021859380821728693,0
0.9998174190521241,1
8.193319663405419e-05,0
0.999764481536064,1
0.9998058795928954,1
0.9998138904571533,1
0.00011079372152514492,0
6.23463483059992e-05,0
6.419516326516387e-05,0
0.00011801393663815169,0
0.9998430727899956,1
0.0001591032942139862,0
0.00010567311884892223,0
0.0002272806239275485,0
0.00010483329221985899,0
0.00024506431073276767,0
0.00021102868453215921,0
0.9998661041259765,1
0.9998544216156006,1
0.00026456687649209514,0
0.9998740196227953,1
0.00024490270298046835,0
9.64745355304364e-05,0
0.00013756867267021922,0
6.777673261279161e-05,0
0.0002539431312941846,0
0.00010235312727202717,0
0.00014564533540549338,0
0.9958178440410762,1
6.234633139998368e-05,0
0.9998634338378846,1
8.898301459098268e-05,0
0.00021500324364751586,0
9.93538666157926e-05,0
0.00021318557649398088,0
0.00023241289018953405,0
0.9998581409454094,1
0.9914757602732426,1
0.9998405933300305,1
0.0002309646457433704,0
0.00012142422179308308,0
0.9998449769864426,1
0.000255236541857119,0
0.00017535540382842722,0
0.00023805370643789807,0
6.234633046118621e-05,0
6.234633066922314e-05,0
0.0002151414033135443,0
0.9998581409454269,1
0.9998248576948388,1
0.9998072146731429,1
6.234635735694483e-05,0
0.9996842557617869,1
0.0002561812801748759,0
0.9991730038794963,1
0.0001806724721964666,0
0.00022007246392239744,0
6.234634282543639e-05,0
6.777673261244339e-05,0
0.9998774528472246,1
0.00038205041023375283,0
0.0020212285076386975,0
6.234633061591365e-05,0
9.102226467826007e-05,0
0.00021102619394491426,0
0.9998634338378907,1
6.234633213516494e-05,0
0.0001806793501600645,0
0.9997818960236977,1
0.9996718561361295,1
0.00027483773947834406,0
6.361599080277368e-05,0
9.256788180209697e-05,0
0.11687576685093912,0
0.00010416515594327373,0
0.00029002258090594273,0
0.00024323547821467214,0
0.998920872499912,1
0.00024439497890953833,0
6.839919369684979e-05,0
0.9998578548431396,1
0.9998020648956298,1
0.9998449769982066,1
0.9998020648956298,1
0.9883832886647376,1
0.00015653080772609686,0
6.777673262242111e-05,0
0.000159103304797257,0
6.777673261412438e-05,0
6.23463309715529e-05,0
0.00018067935016006232,0
0.00022484667150731485,0
0.00023096464574337005,0
0.9997640093636047,1
0.00023096464574337005,0
0.9998436450945389,1
7.966071134478583e-05,0
0.9998174190521031,1
0.00025525415334343626,0
0.9998673439025078,1
6.234643197312566e-05,0
7.665879675646514e-05,0
6.234638138579313e-05,0
0.9998020648956298,1
0.00021859351698913537,0
6.234635110317189e-05,0
7.665879675193072e-05,0
6.777673261271075e-05,0
6.70340785299523e-05,0
0.9998436450954514,1
0.00012003029067050816,0
6.234637201889108e-05,0
0.9973062658545171,1
0.00019671900663595165,0
0.9983974215906422,1
0.9998761170387128,1
7.536866469308895e-05,0
0.00021859657842020585,0
9.907457279041478e-05,0
0.00013012719573629535,0
6.234653271195067e-05,0
0.9996827207648327,1
0.9998629569868189,1
0.00010136565261606323,0
0.00014564533525409932,0
0.9998061656951904,1
9.530019061222463e-05,0
6.234633983238629e-05,0
0.00013604545965791053,0
6.234635003709164e-05,0
0.9998609066009478,1
9.256788180209697e-05,0
0.00018067935016006254,0
0.9998141764854955,1
0.9988929323540789,1
0.9998436449934414,1
7.963936659507714e-05,0
6.23463303785307e-05,0
0.9996679557816937,1
0.00016493010357959925,0
9.54406176687603e-05,0
6.234633037828062e-05,0
0.00021861154854056408,0
6.777673261414681e-05,0
0.000134831308099915,0
0.00016223265171563128,0
0.9998423380427173,1
0.9997599579646167,1
0.00010862783528949056,0
0.00010562654533855737,0
6.23464470627837e-05,0
0.00032286150851532113,0
6.703407852912048e-05,0
6.234633037824981e-05,0
0.9982381134504973,1
6.777673261258833e-05,0
0.9998069286345856,1
6.777673261678691e-05,0
0.0002844288479771157,0
0.00011412874215941546,0
0.00018634392181417035,0
0.00023175034133190897,0
0.9998020648956298,1
0.9998174190521179,1
0.9998405933214919,1
0.00022940368654876298,0
0.00020283544436797328,0
0.9998405932068314,1
0.00023814074533113787,0
0.9998691558837891,1
9.126718811033232e-05,0
7.536866469308755e-05,0
0.00032142475716798505,0
6.234634211960989e-05,0
0.0002748377388778333,0
0.00022728052072851882,0
9.543325115754281e-05,0
0.9998436450942141,1
0.9998691558837889,1
0.9998774528503092,1
0.00018067935016006232,0
9.69635486901047e-05,0
0.9998630523681641,1
0.00023096464574337005,0
8.193319663430085e-05,0
6.777673261282255e-05,0
0.9970364344492431,1
0.9998630523681609,1
0.0002190642059702127,0
0.9997858755655761,1
0.0002470671226104469,0
0.9998436450911596,1
0.0001329664473625054,0
7.979664951563193e-05,0
0.0002451424338474445,0
0.9998634338378787,1
0.00014791125434762,0
0.000318527966953669,0
0.9994766805705622,1
6.234635112843063e-05,0
6.703407852922183e-05,0
0.9959110037612,1
0.0001047093232912937,0
0.0002490453032692469,0
0.00024758312956965487,0
0.00029002258089272836,0
0.00010818169685080925,0
9.749152468120704e-05,0
0.0001127573477172172,0
6.777673261259259e-05,0
0.00037419424786965465,0
6.777673261763623e-05,0
6.7776732612979e-05,0
6.777673261509098e-05,0
6.777673261489488e-05,0
6.234636844087238e-05,0
0.9998405930228428,1
0.00029002258088582964,0
6.777673261293035e-05,0
8.193319663406572e-05,0
0.999844970576708,1
0.9997520125022458,1
0.00024097122276627172,0
0.9958331042539298,1
0.9997310671533342,1
0.999794340133667,1
0.9997862907189734,1
0.00023096464574337027,0
0.9997848987579345,1
0.0001897750805979837,0
6.234654301306979e-05,0
0.9998581409454346,1
6.777673261270077e-05,0
0.00015653080772608724,0
0.000503527244031296,0
0.9998634338378842,1
0.9914826153698456,1
0.9998015880584716,1
0.00022909545805339628,0
0.00010937015681834981,0
0.9998581409454346,1
0.000218730573746143,0
6.234633143156492e-05,0
0.9947762344559001,1
0.0002148839885253149,0
0.00023175234313192522,0
0.00018244879523277233,0
0.9998015880584568,1
9.126842570202708e-05,0
0.00023814074944245798,0
0.0002148633124417978,0
0.00021318555818183936,0
0.9998436449780641,1
8.584061030202557e-05,0
0.9998705863717621,1
6.777673261269147e-05,0
0.999794340133667,1
0.9998058795928955,1
0.00012190359396804852,0
0.9998740196228028,1
0.0001146554762936099,0
0.0003185279668843083,0
9.434433731457753e-05,0
0.00014798658251526981,0
6.703408245710895e-05,0
6.234633059157343e-05,0
0.9998138904571533,1
0.00023360108054977687,0
6.77767326136075e-05,0
6.234633040096785e-05,0
0.9998691558837891,1
0.9995448816138403,1
0.00023096464574337005,0
0.0002325555792682315,0
9.748401915829987e-05,0
0.00018627380400985632,0
0.99984364509072,1
0.00021102621419044303,0
0.00023360108036866696,0
0.00021428649327290766,0
0.9998174190521241,1
9.214700769137668e-05,0
7.327822968363836e-05,0
0.9998740196227993,1
6.234637070525904e-05,0
0.9998020648955945,1
0.9998489856457986,1
8.19331966340542e-05,0
0.0003765937099474658,0
0.0002070206218080517,0
0.9998549938201764,1
0.9998020648956298,1
0.00027483773886553527,0
0.9998596668243408,1
0.999831341016101,1
0.00010363459730887855,0
0.9998174190521241,1
6.23463553735248e-05,0
6.361599080298604e-05,0
6.777673261268541e-05,0
6.77767326138016e-05,0
0.00011987981523930123,0
0.00014146029745132336,0
0.00023096748632230645,0
0.000653572008154844,0
6.703407852910882e-05,0
7.966071134433151e-05,0
6.777673261248033e-05,0
8.193319663406547e-05,0
0.9998139858245729,1
0.0002279283335784676,0
8.652136893942956e-05,0
6.777673261744219e-05,0
0.0001806793501600663,0
0.0003564747080289224,0
6.777673261895054e-05,0
0.00024829588717087024,0
7.993761659902542e-05,0
0.9998691558837816,1
0.00018067935016006232,0
0.9998174190521241,1
0.0002186136993729959,0
0.0003657061115241095,0
0.0001020746708833415,0
0.9998360152397124,1
0.9998750686535424,1
0.9998405933232334,1
6.234636764286076e-05,0
6.777673261401097e-05,0
6.777673318335601e-05,0
0.0002748377388343217,0
6.77767326213196e-05,0
6.7776732614969e-05,0
0.00024780402498339015,0
0.00019319611601565628,0
6.777673261382153e-05,0
0.00021444167726998687,0
0.00010783343826794491,0
0.9998705863685741,1
0.0002900225809147161,0
6.234636333148431e-05,0
6.234633037835295e-05,0
0.00025552799925245804,0
0.0001806793501600635,0
9.543318128296082e-05,0
0.9998174190520821,1
0.00023832380639433998,0
0.00010367806535214186,0
6.777673261419936e-05,0
0.00011135301157173198,0
0.000230964645743373,0
6.703407853144462e-05,0
6.777673261384333e-05,0
6.234633278381118e-05,0
9.935237732333854e-05,0
0.999815893108359,1
0.9998141764685503,1
0.00023592442981003247,0
0.00029002258088522764,0
6.777673261864902e-05,0
0.00023096464574337005,0
0.9998691558837891,1
0.9998436450952133,1
0.9998507976531792,1
6.234633671715732e-05,0
0.999844979126052,1
0.0004274452949912377,0
0.9902572033185152,1
0.9998174190521076,1
9.698670302634684e-05,0
0.00022663564084669422,0
0.9998449715431701,1
0.00027483773883504897,0
0.9991864489324953,1
0.990967404961302,1
0.00023304673090090137,0
0.9998174190521241,1
6.777673275234426e-05,0
6.777673276505962e-05,0
0.9998634338378907,1
0.00019981591030957275,0
0.00013052918354095798,0
6.234636571537036e-05,0
0.00015837643111651613,0
0.9998058795928954,1
0.00016706954741107198,0
0.00018067935016008197,0
0.9998020648955819,1
0.00011275125113308945,0
6.777673302228398e-05,0
0.9998022556303117,1
0.9998691558837891,1
0.9966555104173274,1
0.00011377941172771159,0
6.23463463199881e-05,0
9.647453553043568e-05,0
6.234633043004168e-05,0
6.777673261304739e-05,0
8.956529200095144e-05,0
0.9989245942586195,1
6.234633132379544e-05,0
0.0002539470520295017,0
0.00018067935016006232,0
0.00027278221678002975,0
0.9998609066009474,1
9.617831661540978e-05,0
6.234633082463346e-05,0
8.58405959875714e-05,0
0.9998740196228028,1
0.0001931961160156132,0
6.777673261342982e-05,0
8.736582406921285e-05,0
0.000267521035858242,0
6.777673261245935e-05,0
0.9998405931629171,1
0.0002516017064541047,0
0.9998174190521241,1
0.9998609066009522,1
6.703407865192103e-05,0
6.777673261470856e-05,0
0.0002185945345729025,0
6.777673261243644e-05,0
0.00012190333800722502,0
0.9998634338378904,1
0.0012562136799975844,0
0.9997848987579173,1
6.77767326130004e-05,0
0.00019765095788640621,0
0.9998103618621685,1
0.9998705863764055,1
0.00023096464574337032,0
6.777673261507391e-05,0
9.256788180209961e-05,0
6.777673261286859e-05,0
0.00023814074475049683,0
0.0002081052865833541,0
0.9998705863697506,1
0.9998313417539734,1
0.9998436450919927,1
0.0002090736292302709,0
0.9998105525906954,1
6.234633042169742e-05,0
6.777673265591288e-05,0
0.00026752103585843607,0
0.9998020648956298,1
0.00022909545806474072,0
6.234634672107728e-05,0
0.00021437736670618552,0
7.993722452015288e-05,0
0.9998740196228028,1
0.9998020648956298,1
0.9998058795928955,1
0.0001374175353769505,0
0.9996586404003065,1
0.9998207560486062,1
0.9998740196228028,1
7.536866469309862e-05,0
8.58405962201467e-05,0
0.0002814538390727029,0
8.193319663414206e-05,0
0.0001806793501600632,0
0.00029002258088646536,0
6.234643014963189e-05,0
0.00021500324364751586,0
0.9996846177307936,1
0.9998313424856674,1
6.777673261285568e-05,0
6.703407854070985e-05,0
9.492218583008762e-05,0
0.9998629569964755,1
0.9998581409454346,1
0.00024103978878942104,0
0.00011504695837063612,0
0.9997983455657959,1
0.00011137681993855577,0
6.777673261611503e-05,0
0.00025441061129904773,0
6.234635845295032e-05,0
6.234633806530764e-05,0
0.0001254033236242298,0
6.777673261471443e-05,0
0.0002748377388367759,0
0.00026055327617815387,0
0.9998174190521241,1
0.00022439558482308144,0
0.9998661041259705,1
8.193319663416502e-05,0
0.0001040031434971116,0
6.234636801216652e-05,0
0.9997309523512374,1
0.00014964405077828906,0
6.234633331375178e-05,0
9.934833912232275e-05,0
9.50995426055315e-05,0
0.00015273196011242777,0
6.77767326138997e-05,0
0.00011566591341196438,0
7.287274929764199e-05,0
0.0002317508233028969,0
0.00017111753314202584,0
6.234633037841942e-05,0
0.00029002258088871573,0
6.234637064830282e-05,0
0.9998436450918404,1
0.9993244730772627,1
6.234633051231092e-05,0
6.23463931542348e-05,0
0.9967899241333388,1
0.0001623560117802663,0
0.00024506431073252415,0
0.00015910329475647206,0
0.00010480346501099609,0
7.287274930448749e-05,0
0.00028194698970896776,0
0.9998174190521241,1
0.000237771312061256,0
0.9998661041259762,1
0.9997520395054895,1
0.9998630523681641,1
0.00018067935016006232,0
0.00016781156247427944,0
0.00025460182363866034,0
6.777673351505774e-05,0
0.0002727822167821074,0
0.0007358600954124037,0
0.9996886627205275,1
0.00018634392181433255,0
0.00024904567890200665,0
6.234637734454105e-05,0
0.00010268841097228168,0
0.00010569966067098186,0
0.00011679492890836953,0
0.00023950061038910628,0
6.703407856066476e-05,0
0.00024003112800324993,0
0.0001948486198671604,0
0.0001806793501600627,0
9.12672651242595e-05,0
0.9998609066009486,1
0.0002997663338012639,0
0.9998436450795758,1
6.777673261415044e-05,0
0.00023096464574337005,0
6.777673261731436e-05,0
0.00021483891178303982,0
6.777673261825564e-05,0
0.00023306244036237046,0
0.00011029646127462512,0
0.0003062652245803232,0
6.777673261400635e-05,0
0.9998489856266953,1
0.9985398460638597,1
6.234633037850238e-05,0
0.00018634392181411959,0
0.0002748377388483511,0
6.777673261398353e-05,0
0.00021437730251489323,0
0.00025391429663171176,0
0.00021500324364751743,0
0.050336799170142464,0
0.9998740196228028,1
6.234635598820071e-05,0
6.234633078252609e-05,0
0.9998069286346016,1
6.777673261703176e-05,0
0.00022373964274707343,0
8.193319663405419e-05,0
0.00026752103587028895,0
6.23463633138439e-05,0
0.00023814074860481021,0
0.0002309646457454152,0
0.0001525873795083015,0
0.0001806793501608911,0
9.438872220925986e-05,0
0.9998634338378907,1
0.00012925901881676006,0
0.00021877682741485758,0
9.12672320412748e-05,0
0.9965666702523265,1
7.536866469309016e-05,0
0.9997983455657957,1
0.00023096464574337005,0
0.00013392575919152493,0
0.9995526741452677,1
0.0001214438599677481,0
0.00011113130322492858,0
0.00046226670971737636,0
0.9998661041259764,1
8.193319663405419e-05,0
0.0002450643107325248,0
0.9998449779275795,1
0.00016407008292557954,0
9.507744546748241e-05,0
6.23463303820367e-05,0
6.777673261258702e-05,0
6.777673261658286e-05,0
0.0002280403161577397,0
0.0004125362830605352,0
0.00012764548967020682,0
6.361599080278745e-05,0
0.00021318555809562843,0
0.9998020648956298,1
0.00023175036526749685,0
0.999768297724685,1
0.00019484861986712894,0
0.00023304678588718784,0
0.00023360108048805654,0
0.0002900225809005253,0
0.00023175077734347333,0
9.256788180210103e-05,0
0.00021859351857071127,0
6.234637008359867e-05,0
6.777673261358107e-05,0
0.9998020648955862,1
0.9981644254307713,1
0.9998022556304932,1
6.234658714478954e-05,0
0.00022940298076752231,0
8.19331966345241e-05,0
0.00010469837579876184,0
0.9996717588121296,1
0.004146894404954628,0
0.0005151938724649807,0
6.777673261471738e-05,0
0.0001059126814808975,0
8.193319663442908e-05,0
0.00038649001816881245,0
0.00018067935016006232,0
6.77767326132502e-05,0
6.777673262112046e-05,0
8.193319663408148e-05,0
0.00018067935016006232,0
6.234634255041753e-05,0
0.00028749189805249355,0
0.00012215463937009303,0
0.9998460292638935,1
0.9998405931470092,1
0.999870586348667,1
0.9998687744140625,1
0.9998313425354498,1
0.9998103618621826,1
0.000272782216780003,0
6.777673271066876e-05,0
0.0018438702813423137,0
0.9998174190521013,1
0.00010142258354729709,0
0.00010180757381025251,0
0.9998020648956298,1
6.77767326160075e-05,0
0.00021859354231909387,0
9.944025498465691e-05,0
0.9998740196227967,1
0.00018604876933149317,0
0.9998174190521241,1
0.9998740196228028,1
0.0003229984082543516,0
0.0002185936446040965,0
0.9998581409454118,1
0.00017675402341410675,0
0.999779462814331,1
9.395191943375862e-05,0
6.234637399000081e-05,0
0.00022728064188030326,0
0.9997818382827631,1
6.234633266028699e-05,0
7.733966922899522e-05,0
0.0001340706842757125,0
0.9997983455657391,1
0.00023522465346375888,0
0.9998174190521241,1
0.9998634338378907,1
9.199294623221043e-05,0
6.777673262064943e-05,0
0.00021318555809671252,0
0.0002605532761742311,0
0.9998138904571533,1
9.43887222094222e-05,0
0.00032774581217991897,0
0.9998060703277588,1
0.9998774528503211,1
6.777673261288413e-05,0
9.837221587102226e-05,0
0.00034798872475286295,0
0.00013029965341871473,0
0.9404499053955078,1
6.234638316956087e-05,0
0.00011275097922189567,0
0.0002900225808849163,0
6.234637800236467e-05,0
0.0002110263014882369,0
6.234633039153478e-05,0
0.00012853576430735898,0
0.0002330475460650911,0
0.9998596668243407,1
8.728209774207304e-05,0
8.912287902680961e-05,0
7.468071433687279e-05,0
7.114317709241978e-05,0
0.999836015672018,1
0.9998740196228028,1
8.19331966340542e-05,0
0.00024245360414509986,0
0.00027808856982065297,0
0.9998207555076963,1
9.617843660913711e-05,0
0.00023096464574337035,0
6.777673261472977e-05,0
6.361599080283787e-05,0
6.7776733407287e-05,0
0.00022728627087768442,0
0.9998020648956298,1
6.234633575971052e-05,0
6.777673261469861e-05,0
0.9998020648956298,1
0.00010564720090591312,0
0.00023814074304528477,0
0.9998058795927056,1
0.9998174190521241,1
0.9998460292816,1
0.9260745344551997,1
6.777673261414416e-05,0
6.77767326155541e-05,0
0.00023096464574337005,0
6.234633037876193e-05,0
0.0001649301036103616,0
0.00010569539471774495,0
0.00018067935016036102,0
0.0002675210358586299,0
0.00018067935016006232,0
0.9998264789581149,1
0.00010008208108102466,0
0.00018067935016006232,0
0.00017073518710344557,0
0.00010367806535220587,0
0.00021500324364751594,0
0.00018067935016006232,0
0.00021623361597877122,0
0.9998020648956298,1
9.53113682283149e-05,0
0.9995699687041452,1
0.9998058795928954,1
6.234633091252566e-05,0
0.00025391429665697334,0
0.00011802022345364423,0
0.9998750686645106,1
0.999837350830386,1
0.9998489856644733,1
9.935194594239695e-05,0
0.0002272817650386568,0
0.0002727822167821551,0
6.777673261603896e-05,0
0.9998174190521241,1
8.193319663405419e-05,0
0.0001806793501602305,0
0.00010878792576299102,0
0.00021898342573363561,0
0.00015653080772609027,0
0.00018067935016006305,0
6.839919369667862e-05,0
0.0002143923255577212,0
0.00010569528424399962,0
0.9998668670502211,1
0.9998740196227989,1
0.00018067935016010455,0
0.00021888682357217945,0
0.9998731612527948,1
0.9998705863677729,1
6.777673261294426e-05,0
0.9998313411428406,1
0.0002643889836799666,0
0.00021604897925154415,0
0.999678149731204,1
0.9499709945914201,0
0.9998740196228028,1
6.777673261771657e-05,0
0.999759568797919,1
7.966071134433151e-05,0
0.0002128330059349935,0
0.00010180757381541556,0
0.9998449756888398,1
6.234634266521421e-05,0
0.0002335476238501869,0
0.9998629569794755,1
8.761206029523829e-05,0
6.777673261302596e-05,0
6.234633405899801e-05,0
0.00013333134257785764,0
0.00027602472538066036,0
0.00015653080772612345,0
0.9998489856659901,1
6.703407872508936e-05,0
0.9998489856673295,1
0.9998750686645138,1
0.9998105525909603,1
0.9998020648956298,1
9.629982584746449e-05,0
0.00023905314223621895,0
0.0002317503598965734,0
0.9998629569906079,1
0.00021500324364751594,0
0.0001539887266307093,0
9.134247783254008e-05,0
0.00014681133038041297,0
9.520844444785703e-05,0
0.00010818169685080971,0
0.00021859528154885834,0
0.999238492064794,1
0.0002114965118660954,0
6.70340785293658e-05,0
6.234633037826998e-05,0
0.9996591590223034,1
0.001363699625522389,0
6.703407858146525e-05,0
6.23463303784297e-05,0
0.00015653080772608707,0
0.9998705863758666,1
0.00017752353936335152,0
